Episode,AvgProfit,WinRate,Epsilon,Fold%,Call%,Raise%
100,63.6,52.0,0.9967,0.0,89.4,10.6
200,62.5,54.0,0.9935,0.0,89.3,10.7
300,37.6,53.0,0.9901,0.0,85.0,15.0
400,43.4,59.0,0.9868,1.9,86.0,12.1
500,31.7,57.0,0.9836,0.0,93.1,6.9
600,20.1,48.0,0.9803,0.0,83.2,16.8
700,74.3,59.0,0.9770,0.0,84.0,16.0
800,16.9,50.0,0.9738,0.0,84.8,15.2
900,15.6,54.0,0.9707,0.0,92.2,7.8
1000,61.4,48.0,0.9675,0.0,88.5,11.5
1100,87.8,61.0,0.9642,0.0,87.9,12.1
1200,64.1,48.0,0.9611,0.0,92.2,7.8
1300,63.5,54.0,0.9580,0.0,88.3,11.7
1400,97.2,58.0,0.9546,0.9,78.4,20.7
1500,86.7,57.0,0.9514,0.0,76.9,23.1
1600,45.4,47.0,0.9483,0.0,86.5,13.5
1700,46.6,52.0,0.9452,0.0,87.4,12.6
1800,110.9,53.0,0.9420,0.0,83.3,16.7
1900,28.1,46.0,0.9389,2.9,87.6,9.5
2000,72.2,57.0,0.9358,0.0,91.3,8.7
2100,81.7,57.0,0.9326,0.0,82.2,17.8
2200,64.1,52.0,0.9296,1.0,85.7,13.3
2300,105.5,54.0,0.9266,0.0,87.4,12.6
2400,72.5,57.0,0.9234,0.9,84.1,15.0
2500,10.3,47.0,0.9204,0.0,87.5,12.5
2600,56.0,55.0,0.9175,1.0,90.2,8.8
2700,110.0,61.0,0.9144,0.0,84.8,15.2
2800,37.8,54.0,0.9115,0.0,88.2,11.8
2900,6.6,43.0,0.9086,1.0,88.1,10.9
3000,18.1,56.0,0.9057,1.9,91.3,6.8
3100,80.0,56.0,0.9027,0.0,88.2,11.8
3200,111.3,54.0,0.8997,0.9,82.2,16.8
3300,55.9,45.0,0.8967,0.0,86.7,13.3
3400,28.6,53.0,0.8937,0.9,81.7,17.4
3500,62.2,59.0,0.8907,0.0,75.5,24.5
3600,69.2,45.0,0.8878,0.0,85.7,14.3
3700,54.4,51.0,0.8849,1.0,85.4,13.6
3800,-37.0,49.0,0.8819,1.9,84.9,13.2
3900,2.8,57.0,0.8789,0.0,75.7,24.3
4000,51.9,53.0,0.8759,0.0,80.2,19.8
4100,32.4,60.0,0.8731,0.0,83.8,16.2
4200,16.9,54.0,0.8703,0.0,93.1,6.9
4300,-25.2,52.0,0.8675,0.0,87.5,12.5
4400,31.8,47.0,0.8647,0.0,92.2,7.8
4500,55.8,52.0,0.8618,0.9,79.4,19.6
4600,43.3,59.0,0.8589,1.0,81.9,17.1
4700,5.3,56.0,0.8561,2.9,83.7,13.5
4800,-25.4,50.0,0.8533,0.9,86.8,12.3
4900,-42.8,55.0,0.8505,0.0,81.6,18.4
5000,79.3,49.0,0.8476,0.0,81.7,18.3
5100,98.6,47.0,0.8449,0.0,83.5,16.5
5200,96.6,51.0,0.8421,0.0,85.0,15.0
5300,24.1,48.0,0.8394,1.0,90.2,8.8
5400,16.4,49.0,0.8367,0.0,91.3,8.7
5500,43.6,48.0,0.8338,0.9,81.8,17.3
5600,40.0,48.0,0.8311,0.0,87.3,12.7
5700,53.8,46.0,0.8284,1.0,90.5,8.6
5800,83.8,52.0,0.8257,0.9,77.4,21.7
5900,10.8,54.0,0.8229,2.8,78.5,18.7
6000,72.1,52.0,0.8201,0.0,73.9,26.1
6100,92.2,59.0,0.8173,0.9,82.1,17.0
6200,24.9,50.0,0.8147,0.0,89.5,10.5
6300,20.4,60.0,0.8120,1.0,85.4,13.6
6400,18.1,55.0,0.8093,0.0,82.4,17.6
6500,60.1,55.0,0.8066,1.9,78.7,19.4
6600,50.7,56.0,0.8039,1.0,87.6,11.4
6700,-16.7,49.0,0.8012,0.9,77.6,21.5
6800,32.2,51.0,0.7987,1.0,84.5,14.6
6900,32.1,65.0,0.7961,1.0,80.0,19.0
7000,-39.3,52.0,0.7935,1.0,86.4,12.6
7100,-20.4,56.0,0.7909,1.0,78.8,20.2
7200,78.2,54.0,0.7884,1.0,88.2,10.8
7300,70.5,58.0,0.7858,1.0,75.2,23.8
7400,35.6,47.0,0.7833,0.0,88.2,11.8
7500,32.5,54.0,0.7806,1.8,73.0,25.2
7600,68.9,54.0,0.7780,0.0,76.9,23.1
7700,55.0,61.0,0.7754,2.8,73.8,23.4
7800,8.1,56.0,0.7727,1.8,75.5,22.7
7900,25.4,56.0,0.7702,1.0,79.0,20.0
8000,128.1,68.0,0.7677,0.0,76.4,23.6
8100,73.7,58.0,0.7652,0.0,81.9,18.1
8200,82.3,59.0,0.7626,0.9,76.9,22.2
8300,31.8,58.0,0.7601,0.9,73.8,25.2
8400,-7.1,53.0,0.7576,0.0,81.6,18.4
8500,22.2,54.0,0.7550,0.9,75.0,24.1
8600,40.0,53.0,0.7525,1.9,74.1,24.1
8700,-13.1,57.0,0.7499,0.9,77.1,22.0
8800,-12.6,52.0,0.7474,2.7,71.8,25.5
8900,48.0,58.0,0.7450,1.0,84.5,14.6
9000,61.3,56.0,0.7425,1.0,76.2,22.9
9100,55.5,56.0,0.7400,0.0,76.6,23.4
9200,52.0,52.0,0.7375,0.0,84.0,16.0
9300,30.1,50.0,0.7352,0.0,85.3,14.7
9400,114.2,51.0,0.7328,0.0,80.4,19.6
9500,1.1,54.0,0.7302,1.8,78.6,19.6
9600,18.6,52.0,0.7279,0.0,83.8,16.2
9700,4.9,51.0,0.7254,0.0,72.9,27.1
9800,14.5,51.0,0.7230,1.8,73.6,24.5
9900,26.2,61.0,0.7206,0.9,79.2,19.8
10000,46.5,59.0,0.7181,0.0,73.6,26.4
10100,12.4,56.0,0.7158,0.0,76.2,23.8
10200,-14.7,53.0,0.7135,0.0,76.2,23.8
10300,10.2,52.0,0.7111,0.9,76.1,22.9
10400,13.6,49.0,0.7087,0.0,79.6,20.4
10500,132.4,64.0,0.7064,0.0,77.1,22.9
10600,-69.0,49.0,0.7040,0.9,76.9,22.2
10700,188.9,62.0,0.7016,2.7,68.5,28.8
10800,41.9,51.0,0.6992,0.0,72.1,27.9
10900,10.1,49.0,0.6970,1.9,79.8,18.3
11000,20.3,59.0,0.6946,0.9,81.5,17.6
11100,71.8,59.0,0.6923,0.0,78.7,21.3
11200,-74.2,50.0,0.6900,0.0,81.5,18.5
11300,82.1,62.0,0.6876,1.8,68.1,30.1
11400,-48.9,51.0,0.6852,0.0,71.7,28.3
11500,136.7,68.0,0.6830,0.0,78.8,21.2
11600,52.0,59.0,0.6808,0.0,76.4,23.6
11700,38.0,49.0,0.6784,0.9,74.1,25.0
11800,27.6,59.0,0.6762,0.9,72.2,26.9
11900,51.3,49.0,0.6740,1.9,80.8,17.3
12000,101.8,59.0,0.6718,1.0,77.1,21.9
12100,-3.5,59.0,0.6696,0.9,78.5,20.6
12200,12.8,56.0,0.6674,0.9,80.7,18.3
12300,-0.8,56.0,0.6652,1.9,70.1,28.0
12400,151.6,57.0,0.6629,0.0,70.9,29.1
12500,-92.2,55.0,0.6608,2.8,75.5,21.7
12600,75.4,57.0,0.6585,1.8,74.5,23.6
12700,115.0,67.0,0.6563,0.0,71.4,28.6
12800,78.2,54.0,0.6541,0.0,74.8,25.2
12900,28.9,61.0,0.6520,1.0,78.8,20.2
13000,26.8,55.0,0.6499,0.0,76.4,23.6
13100,3.6,55.0,0.6477,0.9,74.5,24.5
13200,88.9,56.0,0.6455,1.8,65.5,32.7
13300,60.2,46.0,0.6433,0.0,75.2,24.8
13400,-62.2,53.0,0.6412,1.8,75.2,22.9
13500,112.0,61.0,0.6390,0.0,73.6,26.4
13600,66.0,55.0,0.6369,0.0,76.1,23.9
13700,79.7,53.0,0.6348,0.0,81.3,18.7
13800,71.2,66.0,0.6326,0.9,66.7,32.4
13900,26.4,55.0,0.6305,0.0,78.9,21.1
14000,78.5,61.0,0.6284,0.9,72.1,27.0
14100,20.1,54.0,0.6263,0.9,70.9,28.2
14200,42.5,54.0,0.6242,0.0,76.1,23.9
14300,51.5,46.0,0.6221,0.0,78.7,21.3
14400,70.5,53.0,0.6200,0.9,68.8,30.4
14500,-3.6,49.0,0.6179,0.9,78.5,20.6
14600,-25.2,59.0,0.6158,2.6,64.9,32.5
14700,-3.5,52.0,0.6138,0.0,74.5,25.5
14800,98.2,56.0,0.6117,0.0,67.5,32.5
14900,130.1,62.0,0.6096,0.0,67.9,32.1
15000,57.3,54.0,0.6076,0.0,75.5,24.5
15100,21.4,56.0,0.6056,1.9,75.7,22.4
15200,27.5,57.0,0.6035,3.5,64.0,32.5
15300,76.7,57.0,0.6016,0.0,80.8,19.2
15400,63.5,54.0,0.5997,0.0,78.6,21.4
15500,135.1,57.0,0.5976,0.0,73.9,26.1
15600,153.7,65.0,0.5957,0.0,77.1,22.9
15700,35.1,52.0,0.5938,1.0,74.3,24.8
15800,123.1,57.0,0.5919,0.0,75.9,24.1
15900,5.5,53.0,0.5899,0.9,77.1,22.0
16000,73.4,64.0,0.5879,0.0,63.7,36.3
16100,74.9,54.0,0.5859,0.9,79.8,19.3
16200,103.3,49.0,0.5839,3.5,64.6,31.9
16300,75.9,57.0,0.5820,1.8,66.4,31.8
16400,50.6,57.0,0.5799,1.8,67.5,30.7
16500,-81.4,46.0,0.5780,0.0,70.6,29.4
16600,8.9,52.0,0.5761,0.0,74.8,25.2
16700,75.1,57.0,0.5741,0.9,69.9,29.2
16800,67.3,58.0,0.5722,0.0,72.1,27.9
16900,4.0,53.0,0.5702,0.9,68.1,31.0
17000,-6.7,54.0,0.5682,1.8,74.3,23.9
17100,59.4,51.0,0.5664,0.0,80.0,20.0
17200,162.4,55.0,0.5644,0.0,67.8,32.2
17300,33.6,56.0,0.5626,0.0,76.6,23.4
17400,-18.7,46.0,0.5607,0.9,77.5,21.6
17500,7.2,51.0,0.5589,0.0,77.1,22.9
17600,148.2,62.0,0.5571,0.0,75.9,24.1
17700,28.5,57.0,0.5552,0.9,67.0,32.2
17800,26.1,57.0,0.5533,1.8,66.4,31.9
17900,144.1,66.0,0.5514,0.9,72.6,26.5
18000,26.1,59.0,0.5496,0.0,70.1,29.9
18100,-3.0,58.0,0.5476,2.5,61.0,36.4
18200,127.8,58.0,0.5458,0.9,63.4,35.7
18300,49.0,62.0,0.5439,0.9,68.5,30.6
18400,131.3,54.0,0.5420,0.9,67.2,31.9
18500,121.6,57.0,0.5402,0.9,69.4,29.7
18600,63.8,54.0,0.5384,0.9,69.7,29.4
18700,-6.4,46.0,0.5366,0.9,67.3,31.9
18800,81.7,56.0,0.5349,0.0,78.3,21.7
18900,124.3,50.0,0.5331,0.0,67.9,32.1
19000,92.1,57.0,0.5314,0.0,73.8,26.2
19100,109.6,64.0,0.5296,0.0,67.6,32.4
19200,89.0,55.0,0.5278,0.0,69.0,31.0
19300,48.7,53.0,0.5260,0.0,66.4,33.6
19400,-84.2,45.0,0.5242,0.9,72.1,27.0
19500,-97.1,49.0,0.5225,0.9,72.1,27.0
19600,-28.1,60.0,0.5207,1.8,64.9,33.3
19700,23.4,57.0,0.5190,1.8,67.3,30.9
19800,57.4,50.0,0.5172,1.7,61.3,37.0
19900,113.3,61.0,0.5154,0.0,66.4,33.6
20000,51.8,61.0,0.5138,1.9,74.1,24.1
20100,-65.7,53.0,0.5121,0.0,72.7,27.3
20200,68.9,58.0,0.5104,0.0,67.9,32.1
20300,47.7,56.0,0.5088,1.8,68.8,29.4
20400,-21.8,50.0,0.5071,0.0,80.0,20.0
20500,64.5,57.0,0.5054,0.9,67.0,32.1
20600,58.6,57.0,0.5038,0.9,63.1,36.0
20700,135.4,68.0,0.5021,0.9,68.5,30.6
20800,101.5,54.0,0.5005,0.0,70.6,29.4
20900,87.7,58.0,0.4988,0.9,69.1,30.0
21000,17.4,51.0,0.4972,0.0,78.7,21.3
21100,74.4,54.0,0.4957,0.0,75.0,25.0
21200,176.4,63.0,0.4940,0.0,65.8,34.2
21300,93.3,53.0,0.4923,0.9,59.5,39.7
21400,77.2,55.0,0.4907,0.0,72.3,27.7
21500,252.8,69.0,0.4890,0.0,65.5,34.5
21600,18.1,50.0,0.4874,0.9,72.7,26.4
21700,-52.0,55.0,0.4858,0.9,67.3,31.8
21800,31.6,54.0,0.4842,0.0,63.9,36.1
21900,40.7,56.0,0.4826,0.9,67.9,31.2
22000,107.3,52.0,0.4811,0.9,74.1,25.0
22100,-10.8,57.0,0.4795,0.0,60.7,39.3
22200,87.7,59.0,0.4779,0.0,79.4,20.6
22300,51.0,54.0,0.4763,0.9,69.2,29.9
22400,-10.9,48.0,0.4747,0.0,78.4,21.6
22500,194.8,54.0,0.4731,0.9,58.4,40.7
22600,214.2,59.0,0.4715,0.0,63.6,36.4
22700,106.0,50.0,0.4699,4.2,64.2,31.7
22800,81.5,57.0,0.4682,1.7,64.1,34.2
22900,100.6,57.0,0.4667,0.9,67.3,31.8
23000,11.7,54.0,0.4653,1.0,74.0,25.0
23100,-67.2,48.0,0.4637,1.8,73.9,24.3
23200,62.6,52.0,0.4623,0.0,75.5,24.5
23300,108.5,58.0,0.4608,1.8,61.8,36.4
23400,45.0,51.0,0.4592,0.9,65.5,33.6
23500,61.6,66.0,0.4577,0.0,60.6,39.4
23600,99.4,61.0,0.4562,1.8,64.6,33.6
23700,113.0,54.0,0.4546,1.8,59.6,38.6
23800,56.5,60.0,0.4531,2.7,64.3,33.0
23900,142.8,56.0,0.4516,0.9,65.5,33.6
24000,-68.5,59.0,0.4501,2.7,64.3,33.0
24100,-18.1,50.0,0.4486,0.9,58.8,40.4
24200,-21.8,53.0,0.4470,1.7,61.5,36.8
24300,-37.6,57.0,0.4456,0.0,67.6,32.4
24400,95.2,58.0,0.4441,0.9,59.6,39.5
24500,58.9,51.0,0.4426,1.8,65.2,33.0
24600,26.2,49.0,0.4412,0.9,69.0,30.1
24700,178.8,63.0,0.4395,4.0,53.2,42.7
24800,91.2,65.0,0.4381,0.0,67.6,32.4
24900,-79.8,63.0,0.4367,1.7,61.7,36.5
25000,71.0,60.0,0.4351,0.0,65.0,35.0
25100,40.8,56.0,0.4337,0.0,69.9,30.1
25200,73.2,61.0,0.4322,1.7,57.3,41.0
25300,55.8,63.0,0.4308,0.9,66.4,32.7
25400,59.9,56.0,0.4293,0.9,59.8,39.3
25500,40.2,54.0,0.4278,0.0,64.0,36.0
25600,12.4,54.0,0.4264,0.0,60.2,39.8
25700,9.8,49.0,0.4250,0.0,68.4,31.6
25800,137.7,65.0,0.4236,0.9,58.9,40.2
25900,207.4,64.0,0.4222,0.9,66.1,33.0
26000,119.3,59.0,0.4209,0.9,64.2,34.9
26100,72.2,60.0,0.4194,1.7,60.0,38.3
26200,-26.8,50.0,0.4181,0.9,67.6,31.5
26300,58.2,60.0,0.4167,0.0,63.1,36.9
26400,43.2,56.0,0.4153,0.9,64.7,34.5
26500,111.5,64.0,0.4139,1.7,56.9,41.4
26600,16.9,56.0,0.4125,0.9,66.7,32.4
26700,55.3,56.0,0.4111,0.9,62.4,36.8
26800,-34.9,53.0,0.4096,2.4,52.8,44.8
26900,68.3,53.0,0.4083,0.9,67.6,31.5
27000,70.0,59.0,0.4070,0.9,60.9,38.2
27100,47.9,57.0,0.4056,0.9,56.4,42.7
27200,39.5,67.0,0.4044,0.9,60.2,38.9
27300,50.5,59.0,0.4030,2.5,56.8,40.7
27400,25.3,56.0,0.4016,0.9,58.8,40.4
27500,61.2,55.0,0.4004,0.9,62.6,36.4
27600,97.6,58.0,0.3991,0.0,65.7,34.3
27700,-161.8,44.0,0.3977,0.0,52.8,47.2
27800,-8.9,65.0,0.3964,1.8,60.2,38.1
27900,94.7,60.0,0.3952,1.0,63.8,35.2
28000,132.3,56.0,0.3939,0.0,56.6,43.4
28100,9.8,58.0,0.3926,0.9,62.0,37.0
28200,183.0,65.0,0.3914,0.0,60.2,39.8
28300,-22.8,53.0,0.3901,0.9,49.6,49.6
28400,29.2,56.0,0.3887,0.9,62.6,36.5
28500,126.2,67.0,0.3875,1.8,57.5,40.7
28600,132.6,63.0,0.3862,1.8,66.1,32.1
28700,129.4,55.0,0.3849,2.6,64.9,32.5
28800,105.2,58.0,0.3838,0.0,70.5,29.5
28900,183.4,66.0,0.3825,0.0,65.8,34.2
29000,102.8,57.0,0.3812,1.7,52.1,46.3
29100,131.2,65.0,0.3799,2.6,60.9,36.5
29200,21.9,58.0,0.3786,0.8,54.2,44.9
29300,134.4,60.0,0.3774,0.0,62.8,37.2
29400,-92.8,56.0,0.3762,0.9,64.5,34.5
29500,32.8,69.0,0.3750,0.9,63.6,35.5
29600,-22.6,55.0,0.3739,0.0,69.1,30.9
29700,26.8,60.0,0.3726,0.9,58.8,40.4
29800,71.2,57.0,0.3715,0.0,65.1,34.9
29900,89.2,68.0,0.3702,1.7,56.9,41.4
30000,-45.6,57.0,0.3691,0.0,63.2,36.8
30100,45.2,56.0,0.3679,0.0,64.9,35.1
30200,109.7,66.0,0.3667,0.0,62.5,37.5
30300,-27.2,54.0,0.3656,1.8,61.5,36.7
30400,178.1,62.0,0.3644,0.9,62.1,37.1
30500,160.1,66.0,0.3632,0.0,67.3,32.7
30600,213.9,57.0,0.3619,0.0,58.1,41.9
30700,9.6,56.0,0.3607,0.0,53.9,46.1
30800,77.2,62.0,0.3596,0.9,62.8,36.3
30900,61.4,63.0,0.3583,0.9,53.0,46.2
31000,69.5,54.0,0.3571,1.7,55.4,43.0
31100,58.4,58.0,0.3560,0.0,70.3,29.7
31200,35.4,54.0,0.3549,0.0,68.8,31.2
31300,98.1,59.0,0.3538,0.0,65.4,34.6
31400,60.0,62.0,0.3527,0.0,60.4,39.6
31500,169.2,62.0,0.3515,0.0,60.9,39.1
31600,52.1,56.0,0.3504,0.0,69.1,30.9
31700,52.0,51.0,0.3493,0.9,57.4,41.7
31800,49.8,57.0,0.3482,1.8,64.3,33.9
31900,28.1,53.0,0.3471,0.0,65.1,34.9
32000,112.3,65.0,0.3460,1.7,67.0,31.3
32100,-33.1,60.0,0.3449,0.0,65.8,34.2
32200,-32.2,54.0,0.3437,0.8,58.8,40.3
32300,169.6,65.0,0.3426,1.8,57.7,40.5
32400,-14.8,51.0,0.3415,1.7,60.0,38.3
32500,-52.6,51.0,0.3405,0.0,72.1,27.9
32600,39.9,58.0,0.3394,1.9,62.0,36.1
32700,-127.8,53.0,0.3383,0.8,59.5,39.7
32800,10.6,52.0,0.3372,0.9,60.2,38.9
32900,5.2,51.0,0.3361,1.7,66.1,32.2
33000,93.9,56.0,0.3350,0.0,64.9,35.1
33100,100.8,58.0,0.3339,0.9,61.9,37.2
33200,161.0,65.0,0.3328,2.5,49.6,47.9
33300,107.5,62.0,0.3317,1.7,65.2,33.0
33400,100.2,56.0,0.3306,0.8,59.7,39.5
33500,-37.4,48.0,0.3295,0.0,55.2,44.8
33600,-18.2,45.0,0.3284,1.7,58.0,40.3
33700,171.1,61.0,0.3272,3.2,46.0,50.8
33800,94.3,66.0,0.3261,1.7,52.1,46.2
33900,41.6,61.0,0.3251,0.9,59.5,39.6
34000,-28.6,43.0,0.3241,0.0,57.8,42.2
34100,92.4,58.0,0.3230,0.8,55.8,43.3
34200,78.9,61.0,0.3219,1.7,53.8,44.4
34300,79.7,62.0,0.3209,0.0,61.1,38.9
34400,32.9,58.0,0.3199,0.9,56.6,42.5
34500,116.1,62.0,0.3189,0.0,55.7,44.3
34600,129.2,64.0,0.3178,1.7,61.9,36.4
34700,-88.3,56.0,0.3168,1.7,56.5,41.7
34800,83.8,61.0,0.3158,1.8,60.5,37.7
34900,73.1,61.0,0.3148,0.0,55.8,44.2
35000,142.8,61.0,0.3138,1.7,47.8,50.4
35100,101.0,63.0,0.3127,0.9,59.8,39.3
35200,-22.7,49.0,0.3118,0.9,60.9,38.2
35300,160.1,68.0,0.3108,0.0,63.1,36.9
35400,-44.4,50.0,0.3099,0.9,62.6,36.4
35500,117.0,60.0,0.3089,0.0,59.8,40.2
35600,138.7,64.0,0.3079,1.6,48.8,49.6
35700,180.3,64.0,0.3069,0.9,59.6,39.5
35800,130.6,60.0,0.3059,1.7,53.7,44.6
35900,153.2,61.0,0.3049,0.9,61.9,37.2
36000,151.0,57.0,0.3039,0.0,60.3,39.7
36100,251.9,65.0,0.3029,0.9,57.3,41.9
36200,198.2,69.0,0.3019,0.0,47.1,52.9
36300,176.7,66.0,0.3009,1.7,52.9,45.4
36400,154.7,58.0,0.2999,3.1,51.2,45.7
36500,-6.7,58.0,0.2989,1.7,44.6,53.7
36600,-135.7,53.0,0.2979,3.4,59.0,37.6
36700,42.6,57.0,0.2969,1.7,54.7,43.6
36800,50.7,54.0,0.2959,0.8,48.7,50.4
36900,-36.0,58.0,0.2950,2.6,54.4,43.0
37000,98.7,60.0,0.2941,1.7,53.0,45.3
37100,185.7,65.0,0.2931,0.0,55.7,44.3
37200,-57.4,53.0,0.2921,1.6,51.6,46.8
37300,77.9,59.0,0.2911,0.8,51.3,47.9
37400,148.2,66.0,0.2903,0.9,52.3,46.8
37500,48.0,58.0,0.2893,2.6,57.8,39.7
37600,192.3,61.0,0.2884,0.0,55.7,44.3
37700,113.0,65.0,0.2875,0.0,53.9,46.1
37800,193.1,63.0,0.2866,1.7,51.3,47.1
37900,53.4,54.0,0.2856,0.8,55.9,43.2
38000,126.2,59.0,0.2847,0.0,56.2,43.8
38100,122.6,56.0,0.2838,0.0,62.3,37.7
38200,176.4,64.0,0.2829,0.8,47.9,51.2
38300,82.5,58.0,0.2819,0.8,53.4,45.8
38400,160.1,62.0,0.2811,0.9,55.0,44.0
38500,155.3,61.0,0.2802,0.0,49.6,50.4
38600,188.9,57.0,0.2793,0.9,62.9,36.2
38700,144.2,63.0,0.2784,0.8,55.9,43.3
38800,-90.7,63.0,0.2775,0.9,54.4,44.7
38900,174.9,54.0,0.2766,1.7,53.8,44.4
39000,120.0,60.0,0.2757,0.9,52.1,47.0
39100,29.0,52.0,0.2749,0.0,55.0,45.0
39200,161.2,61.0,0.2740,1.6,53.3,45.1
39300,-40.8,41.0,0.2731,1.7,55.4,43.0
39400,0.6,62.0,0.2722,0.9,42.7,56.4
39500,164.7,64.0,0.2713,0.0,54.7,45.3
39600,143.2,59.0,0.2705,1.7,47.9,50.4
39700,119.5,60.0,0.2696,0.0,50.8,49.2
39800,121.8,65.0,0.2688,1.8,55.3,43.0
39900,-14.7,56.0,0.2679,0.0,52.5,47.5
40000,120.5,69.0,0.2671,0.9,57.8,41.4
40100,-7.5,54.0,0.2662,0.0,60.0,40.0
40200,20.7,57.0,0.2654,0.0,51.7,48.3
40300,57.5,61.0,0.2645,1.7,50.0,48.3
40400,177.5,64.0,0.2637,1.8,50.0,48.2
40500,81.0,57.0,0.2629,0.9,51.3,47.9
40600,131.4,65.0,0.2621,0.0,58.6,41.4
40700,63.0,61.0,0.2613,0.0,56.9,43.1
40800,29.1,49.0,0.2604,0.8,52.9,46.2
40900,395.1,68.0,0.2596,0.0,52.0,48.0
41000,-49.2,54.0,0.2587,0.8,55.5,43.7
41100,216.1,63.0,0.2579,0.8,57.1,42.0
41200,116.9,59.0,0.2571,0.0,56.3,43.7
41300,-29.1,55.0,0.2562,0.8,51.6,47.6
41400,77.8,55.0,0.2555,0.0,49.5,50.5
41500,179.6,60.0,0.2547,0.0,48.7,51.3
41600,207.2,63.0,0.2539,0.8,55.5,43.7
41700,28.6,59.0,0.2530,1.6,53.2,45.2
41800,90.7,63.0,0.2522,0.8,51.6,47.5
41900,28.2,60.0,0.2514,1.6,52.5,45.9
42000,185.8,68.0,0.2506,2.6,57.3,40.2
42100,153.2,62.0,0.2498,0.9,48.7,50.4
42200,14.9,61.0,0.2490,1.7,46.7,51.7
42300,59.1,60.0,0.2482,2.5,47.9,49.6
42400,107.7,54.0,0.2474,0.8,52.1,47.1
42500,74.3,63.0,0.2466,0.8,56.3,42.9
42600,174.0,62.0,0.2458,0.8,54.5,44.6
42700,123.5,67.0,0.2451,0.9,49.6,49.6
42800,128.7,60.0,0.2444,0.0,57.3,42.7
42900,97.7,67.0,0.2436,0.0,55.7,44.3
43000,160.7,54.0,0.2428,1.6,51.6,46.9
43100,151.2,61.0,0.2420,1.6,55.7,42.6
43200,74.8,60.0,0.2412,0.8,49.6,49.6
43300,55.2,59.0,0.2405,0.9,63.1,36.0
43400,137.3,64.0,0.2397,1.7,46.2,52.1
43500,152.3,58.0,0.2390,0.8,52.9,46.2
43600,-6.0,48.0,0.2383,1.7,55.1,43.2
43700,51.6,60.0,0.2375,0.9,57.8,41.4
43800,70.5,62.0,0.2368,0.0,50.0,50.0
43900,21.6,62.0,0.2361,0.9,49.6,49.6
44000,101.2,63.0,0.2354,1.8,60.9,37.3
44100,196.9,62.0,0.2346,0.8,42.9,56.3
44200,213.6,63.0,0.2339,0.9,55.2,44.0
44300,190.3,62.0,0.2332,0.0,53.6,46.4
44400,217.8,69.0,0.2324,2.5,52.5,45.0
44500,-49.4,58.0,0.2317,0.9,58.3,40.9
44600,31.1,56.0,0.2310,1.6,50.8,47.6
44700,110.0,66.0,0.2303,0.0,52.7,47.3
44800,0.6,58.0,0.2296,4.2,52.5,43.3
44900,116.8,55.0,0.2289,1.7,54.2,44.2
45000,-52.6,51.0,0.2282,2.6,58.1,39.3
45100,87.1,57.0,0.2275,0.8,50.0,49.2
45200,212.4,67.0,0.2268,0.0,55.9,44.1
45300,51.2,63.0,0.2261,1.7,45.4,52.9
45400,147.3,63.0,0.2254,0.8,55.9,43.2
45500,108.0,57.0,0.2247,0.9,56.6,42.5
45600,75.8,59.0,0.2240,0.9,46.2,53.0
45700,138.2,58.0,0.2234,2.5,42.9,54.6
45800,170.0,71.0,0.2227,1.8,61.6,36.6
45900,-25.8,59.0,0.2220,2.4,50.0,47.6
46000,87.2,60.0,0.2213,1.7,53.0,45.3
46100,365.1,63.0,0.2206,1.6,41.4,57.0
46200,89.8,58.0,0.2199,0.8,42.9,56.3
46300,28.8,60.0,0.2192,1.6,48.4,50.0
46400,113.8,56.0,0.2186,0.9,58.7,40.4
46500,196.8,64.0,0.2180,0.0,53.0,47.0
46600,78.2,61.0,0.2173,0.9,54.5,44.6
46700,85.6,55.0,0.2166,0.8,50.0,49.2
46800,116.3,59.0,0.2159,0.8,41.3,57.9
46900,-3.9,59.0,0.2153,0.0,55.5,44.5
47000,-2.5,57.0,0.2146,0.0,45.7,54.3
47100,51.9,64.0,0.2140,1.8,58.0,40.2
47200,184.2,58.0,0.2133,1.7,48.7,49.6
47300,48.2,53.0,0.2128,0.0,59.0,41.0
47400,82.0,70.0,0.2121,0.8,47.1,52.1
47500,134.4,55.0,0.2115,0.8,56.2,43.0
47600,115.2,67.0,0.2109,0.0,47.3,52.7
47700,142.7,62.0,0.2102,0.0,55.1,44.9
47800,120.8,60.0,0.2096,0.8,52.4,46.8
47900,28.6,57.0,0.2090,0.9,46.4,52.7
48000,251.4,70.0,0.2084,0.0,52.1,47.9
48100,181.7,68.0,0.2077,0.8,47.2,52.0
48200,92.0,62.0,0.2071,0.0,43.9,56.1
48300,174.9,64.0,0.2064,0.0,55.1,44.9
48400,148.2,57.0,0.2058,0.0,58.1,41.9
48500,-14.5,51.0,0.2052,3.4,55.2,41.4
48600,45.6,58.0,0.2046,2.6,50.4,47.0
48700,1.2,60.0,0.2040,0.9,55.8,43.4
48800,88.8,67.0,0.2035,1.8,57.5,40.7
48900,49.4,54.0,0.2029,0.8,56.3,42.9
49000,183.4,68.0,0.2023,1.7,52.2,46.1
49100,-64.0,55.0,0.2017,0.0,50.9,49.1
49200,170.7,56.0,0.2011,0.0,53.4,46.6
49300,80.0,63.0,0.2005,0.9,54.0,45.1
49400,138.5,66.0,0.2000,0.9,59.1,40.0
49500,64.0,57.0,0.1994,0.9,64.0,35.1
49600,142.1,66.0,0.1989,0.9,54.8,44.3
49700,116.0,66.0,0.1982,1.6,45.6,52.8
49800,173.8,65.0,0.1977,0.8,49.6,49.6
49900,29.1,59.0,0.1970,0.8,50.8,48.4
50000,29.9,55.0,0.1965,1.8,50.0,48.2
50100,121.2,60.0,0.1959,0.8,53.8,45.4
50200,138.3,55.0,0.1953,1.6,46.9,51.6
50300,80.8,60.0,0.1947,0.0,55.0,45.0
50400,61.0,59.0,0.1941,0.0,52.5,47.5
50500,135.9,53.0,0.1935,0.0,59.3,40.7
50600,-51.0,53.0,0.1930,0.8,53.7,45.5
50700,49.2,58.0,0.1924,0.8,48.8,50.4
50800,10.2,60.0,0.1918,0.0,48.7,51.3
50900,113.8,58.0,0.1913,0.0,55.1,44.9
51000,207.5,65.0,0.1907,0.8,45.0,54.2
51100,216.6,60.0,0.1902,0.0,53.3,46.7
51200,-35.5,53.0,0.1896,0.9,54.8,44.3
51300,320.7,67.0,0.1890,1.5,46.2,52.3
51400,48.6,59.0,0.1885,2.6,56.0,41.4
51500,-12.6,56.0,0.1880,0.9,55.0,44.1
51600,83.2,55.0,0.1874,0.8,54.2,44.9
51700,88.3,59.0,0.1869,0.0,48.3,51.7
51800,154.8,59.0,0.1863,0.8,48.0,51.2
51900,109.2,60.0,0.1858,0.0,53.5,46.5
52000,189.1,66.0,0.1852,0.0,50.0,50.0
52100,80.2,54.0,0.1847,1.7,55.9,42.4
52200,74.2,56.0,0.1842,0.8,46.6,52.5
52300,-16.9,55.0,0.1836,0.8,48.4,50.8
52400,125.8,63.0,0.1831,0.0,50.4,49.6
52500,169.2,64.0,0.1826,0.9,51.8,47.4
52600,83.5,62.0,0.1821,0.0,48.3,51.7
52700,122.5,64.0,0.1816,0.9,60.5,38.6
52800,112.1,64.0,0.1810,1.7,55.6,42.7
52900,113.1,54.0,0.1805,1.7,50.4,47.9
53000,243.8,66.0,0.1800,0.8,40.9,58.3
53100,150.2,57.0,0.1794,0.8,43.2,56.0
53200,22.3,49.0,0.1789,0.0,52.9,47.1
53300,58.5,57.0,0.1784,2.5,50.8,46.7
53400,56.1,59.0,0.1779,1.7,46.1,52.2
53500,122.7,60.0,0.1774,0.0,49.2,50.8
53600,-42.2,56.0,0.1769,0.8,44.7,54.5
53700,106.5,63.0,0.1764,0.9,46.2,53.0
53800,21.1,62.0,0.1759,1.8,52.6,45.6
53900,155.4,64.0,0.1754,0.0,54.0,46.0
54000,46.9,62.0,0.1749,0.8,45.2,54.0
54100,114.2,61.0,0.1744,1.7,44.6,53.7
54200,103.8,61.0,0.1739,0.0,54.4,45.6
54300,78.2,61.0,0.1734,0.8,50.0,49.2
54400,186.6,61.0,0.1730,0.0,47.5,52.5
54500,58.0,59.0,0.1724,2.4,37.9,59.7
54600,124.2,57.0,0.1719,1.6,46.3,52.0
54700,260.4,59.0,0.1714,0.0,50.0,50.0
54800,256.1,58.0,0.1710,0.0,50.4,49.6
54900,156.4,58.0,0.1705,0.9,55.6,43.6
55000,44.6,54.0,0.1700,0.8,50.8,48.3
55100,133.3,65.0,0.1695,0.0,50.0,50.0
55200,85.2,61.0,0.1691,0.9,56.9,42.2
55300,188.2,72.0,0.1686,0.0,47.5,52.5
55400,201.2,62.0,0.1682,0.0,53.5,46.5
55500,32.1,59.0,0.1677,0.0,43.7,56.3
55600,16.5,60.0,0.1672,1.6,47.5,50.8
55700,105.2,60.0,0.1667,1.6,47.5,50.8
55800,93.7,61.0,0.1663,0.8,44.7,54.5
55900,108.5,52.0,0.1658,0.0,59.0,41.0
56000,76.1,61.0,0.1653,0.0,58.5,41.5
56100,72.1,62.0,0.1649,0.8,51.6,47.7
56200,90.0,60.0,0.1644,0.0,43.4,56.6
56300,60.0,56.0,0.1639,0.8,41.8,57.4
56400,158.4,63.0,0.1635,0.9,45.3,53.8
56500,11.8,61.0,0.1630,2.5,51.2,46.3
56600,40.0,56.0,0.1626,0.8,47.9,51.2
56700,156.8,63.0,0.1621,1.7,47.9,50.4
56800,232.7,59.0,0.1617,0.0,52.1,47.9
56900,-38.3,56.0,0.1612,0.8,48.7,50.4
57000,199.3,66.0,0.1608,0.8,56.3,42.9
57100,-36.5,60.0,0.1604,0.0,55.0,45.0
57200,-77.2,59.0,0.1599,0.0,46.4,53.6
57300,97.2,62.0,0.1595,1.6,45.1,53.3
57400,151.6,61.0,0.1590,0.8,44.6,54.6
57500,46.6,54.0,0.1586,0.0,43.4,56.6
57600,182.2,62.0,0.1581,0.0,49.2,50.8
57700,59.0,57.0,0.1577,1.6,38.9,59.5
57800,131.7,61.0,0.1572,0.0,45.5,54.5
57900,-132.4,48.0,0.1568,1.7,50.8,47.5
58000,36.9,55.0,0.1564,1.7,48.3,50.0
58100,118.7,64.0,0.1559,0.8,46.2,53.1
58200,123.3,54.0,0.1555,0.9,54.8,44.3
58300,112.4,53.0,0.1551,0.0,51.2,48.8
58400,13.8,63.0,0.1547,0.8,50.0,49.2
58500,40.5,57.0,0.1543,0.8,48.3,50.8
58600,79.0,63.0,0.1539,0.9,43.6,55.6
58700,36.8,58.0,0.1534,0.8,43.8,55.5
58800,97.8,52.0,0.1530,2.3,42.1,55.6
58900,61.3,57.0,0.1525,1.7,43.0,55.4
59000,76.2,62.0,0.1522,0.0,48.7,51.3
59100,118.5,64.0,0.1518,0.0,52.6,47.4
59200,-31.9,48.0,0.1514,1.7,51.7,46.6
59300,79.4,57.0,0.1510,0.0,51.3,48.7
59400,263.7,65.0,0.1506,0.8,35.8,63.4
59500,235.2,63.0,0.1502,0.0,47.5,52.5
59600,59.0,62.0,0.1498,0.0,47.9,52.1
59700,31.2,56.0,0.1493,0.0,44.6,55.4
59800,22.1,68.0,0.1489,0.8,44.1,55.1
59900,378.8,69.0,0.1485,0.0,44.7,55.3
60000,18.4,61.0,0.1481,0.8,48.7,50.4
60100,209.8,62.0,0.1477,3.2,43.2,53.6
60200,39.8,63.0,0.1473,0.8,47.5,51.7
60300,-13.9,58.0,0.1469,0.8,39.7,59.5
60400,127.0,64.0,0.1465,0.8,47.2,52.0
60500,177.1,64.0,0.1462,0.0,51.3,48.7
60600,138.1,65.0,0.1458,0.8,43.4,55.7
60700,-13.7,46.0,0.1454,0.8,45.8,53.4
60800,138.3,63.0,0.1450,0.0,39.0,61.0
60900,144.8,63.0,0.1446,0.0,54.8,45.2
61000,77.8,54.0,0.1443,1.6,42.6,55.7
61100,98.3,62.0,0.1439,0.0,49.2,50.8
61200,103.0,53.0,0.1435,1.8,51.8,46.5
61300,130.8,66.0,0.1431,0.0,48.4,51.6
61400,19.5,64.0,0.1428,0.0,44.0,56.0
61500,105.1,63.0,0.1424,1.6,48.0,50.4
61600,205.9,66.0,0.1420,0.0,31.5,68.5
61700,260.5,63.0,0.1416,0.0,40.7,59.3
61800,43.8,55.0,0.1413,0.0,46.7,53.3
61900,64.1,59.0,0.1409,0.0,55.0,45.0
62000,39.6,56.0,0.1406,1.7,53.9,44.3
62100,129.3,55.0,0.1402,0.0,44.4,55.6
62200,102.8,68.0,0.1398,0.0,40.0,60.0
62300,13.2,62.0,0.1395,0.0,45.8,54.2
62400,231.8,64.0,0.1391,0.0,46.7,53.3
62500,43.5,62.0,0.1388,0.9,55.2,44.0
62600,87.2,60.0,0.1384,0.8,44.3,54.9
62700,125.2,63.0,0.1380,0.0,51.3,48.7
62800,-9.8,57.0,0.1377,0.0,50.4,49.6
62900,109.0,67.0,0.1374,0.0,45.4,54.6
63000,-35.5,57.0,0.1370,0.8,50.0,49.2
63100,8.9,56.0,0.1367,0.8,50.8,48.3
63200,102.9,59.0,0.1363,1.6,43.7,54.8
63300,112.3,57.0,0.1359,0.0,44.0,56.0
63400,57.6,59.0,0.1356,1.7,50.4,47.8
63500,39.6,60.0,0.1353,1.8,51.8,46.4
63600,0.6,58.0,0.1350,0.8,48.8,50.4
63700,86.0,63.0,0.1346,0.8,46.7,52.5
63800,310.5,64.0,0.1343,0.8,44.6,54.5
63900,223.8,69.0,0.1339,0.8,52.5,46.7
64000,131.3,62.0,0.1336,0.0,47.9,52.1
64100,-19.9,59.0,0.1333,0.0,48.7,51.3
64200,-28.9,50.0,0.1330,0.8,49.6,49.6
64300,26.3,65.0,0.1327,0.0,49.1,50.9
64400,72.2,55.0,0.1323,0.8,47.9,51.3
64500,214.2,67.0,0.1320,0.8,42.5,56.7
64600,74.3,57.0,0.1317,0.0,46.6,53.4
64700,69.8,64.0,0.1313,0.0,44.4,55.6
64800,20.6,60.0,0.1310,0.9,43.5,55.7
64900,82.2,67.0,0.1307,1.6,37.9,60.5
65000,190.7,59.0,0.1303,0.0,49.6,50.4
65100,-23.6,65.0,0.1300,0.8,45.5,53.7
65200,9.7,54.0,0.1297,0.8,49.2,50.0
65300,141.8,66.0,0.1294,0.0,47.8,52.2
65400,171.3,62.0,0.1291,0.8,45.8,53.4
65500,47.0,59.0,0.1287,1.6,38.6,59.8
65600,216.5,70.0,0.1284,0.0,46.7,53.3
65700,100.0,63.0,0.1281,0.9,50.9,48.3
65800,176.1,64.0,0.1278,0.0,47.1,52.9
65900,288.0,71.0,0.1275,0.0,44.8,55.2
66000,170.3,57.0,0.1272,0.0,48.4,51.6
66100,-7.3,60.0,0.1269,0.8,35.8,63.3
66200,117.8,65.0,0.1265,0.0,45.2,54.8
66300,19.7,60.0,0.1262,0.9,42.1,57.0
66400,140.7,63.0,0.1259,0.0,46.3,53.7
66500,100.3,62.0,0.1256,0.0,42.1,57.9
66600,-55.0,51.0,0.1253,3.1,44.1,52.8
66700,128.7,54.0,0.1250,0.0,44.8,55.2
66800,102.5,61.0,0.1247,1.7,50.0,48.3
66900,215.3,63.0,0.1244,0.9,47.0,52.1
67000,68.1,64.0,0.1241,0.8,40.2,59.0
67100,128.3,60.0,0.1239,1.7,50.0,48.3
67200,52.8,61.0,0.1236,2.5,42.9,54.6
67300,154.2,65.0,0.1233,0.0,47.9,52.1
67400,-20.8,59.0,0.1230,0.0,46.0,54.0
67500,80.0,60.0,0.1227,0.9,48.3,50.9
67600,264.2,64.0,0.1224,0.8,40.6,58.6
67700,218.9,71.0,0.1221,0.0,47.4,52.6
67800,-59.1,58.0,0.1218,4.3,43.6,52.1
67900,187.2,70.0,0.1215,0.0,38.0,62.0
68000,48.6,61.0,0.1212,0.8,42.1,57.0
68100,221.9,65.0,0.1209,2.2,37.3,60.4
68200,71.0,60.0,0.1207,0.0,56.5,43.5
68300,157.8,60.0,0.1204,1.7,43.2,55.1
68400,374.1,67.0,0.1201,0.7,39.0,60.3
68500,65.8,63.0,0.1198,0.8,36.4,62.8
68600,-30.5,53.0,0.1195,0.8,53.8,45.4
68700,-14.2,60.0,0.1192,1.5,38.8,59.7
68800,-53.5,61.0,0.1189,0.9,45.7,53.4
68900,-11.9,62.0,0.1187,0.8,46.0,53.2
69000,209.4,68.0,0.1184,0.8,40.6,58.6
69100,69.3,61.0,0.1181,0.8,42.7,56.5
69200,75.7,58.0,0.1178,0.8,45.8,53.3
69300,95.5,61.0,0.1175,1.7,45.8,52.5
69400,3.4,61.0,0.1173,0.0,48.7,51.3
69500,45.0,61.0,0.1170,0.0,45.5,54.5
69600,77.3,61.0,0.1167,0.0,39.3,60.7
69700,41.9,56.0,0.1165,0.0,41.9,58.1
69800,114.4,65.0,0.1162,0.0,57.7,42.3
69900,270.5,66.0,0.1160,0.0,41.5,58.5
70000,225.2,73.0,0.1157,0.0,40.5,59.5
70100,149.5,63.0,0.1154,2.4,44.8,52.8
70200,133.6,66.0,0.1152,3.3,45.9,50.8
70300,120.0,62.0,0.1149,0.0,48.4,51.6
70400,183.1,57.0,0.1146,0.8,39.4,59.8
70500,61.0,62.0,0.1144,0.8,50.0,49.2
70600,-7.4,57.0,0.1141,0.0,38.7,61.3
70700,152.8,59.0,0.1138,0.8,47.2,52.0
70800,167.9,62.0,0.1136,0.0,40.5,59.5
70900,185.9,58.0,0.1133,1.6,40.6,57.8
71000,145.3,56.0,0.1130,0.0,44.5,55.5
71100,24.4,60.0,0.1128,1.6,42.3,56.1
71200,26.0,58.0,0.1125,1.7,43.2,55.1
71300,-61.9,55.0,0.1123,1.6,35.4,63.0
71400,223.4,62.0,0.1120,0.8,45.1,54.1
71500,63.0,59.0,0.1118,1.7,42.4,55.9
71600,28.9,64.0,0.1115,0.0,33.3,66.7
71700,94.5,68.0,0.1113,0.9,38.5,60.7
71800,112.5,64.0,0.1110,0.8,38.7,60.5
71900,21.1,58.0,0.1108,1.6,43.3,55.1
72000,93.0,53.0,0.1105,0.0,41.2,58.8
72100,120.0,67.0,0.1103,1.7,46.6,51.7
72200,22.1,54.0,0.1100,0.8,46.2,53.1
72300,200.5,55.0,0.1098,0.8,44.9,54.3
72400,139.2,60.0,0.1095,0.8,49.6,49.6
72500,73.2,64.0,0.1093,0.9,54.9,44.2
72600,76.5,66.0,0.1090,1.6,42.4,56.0
72700,193.3,67.0,0.1088,0.8,45.1,54.1
72800,-52.1,60.0,0.1086,0.0,47.6,52.4
72900,147.2,58.0,0.1083,0.9,43.6,55.6
73000,94.0,60.0,0.1081,0.0,42.0,58.0
73100,109.5,67.0,0.1079,2.4,39.2,58.4
73200,45.1,64.0,0.1076,0.8,44.4,54.8
73300,151.6,61.0,0.1074,0.8,54.6,44.5
73400,108.2,64.0,0.1072,0.8,42.4,56.8
73500,242.4,63.0,0.1069,1.7,45.8,52.5
73600,176.2,63.0,0.1067,0.0,39.5,60.5
73700,25.7,62.0,0.1065,0.8,39.8,59.4
73800,72.0,68.0,0.1062,0.0,49.1,50.9
73900,-135.1,58.0,0.1060,0.8,40.2,59.0
74000,94.6,64.0,0.1058,0.0,42.3,57.7
74100,110.0,55.0,0.1056,0.0,44.3,55.7
74200,229.2,59.0,0.1053,0.0,40.5,59.5
74300,89.5,68.0,0.1051,0.8,39.8,59.3
74400,46.1,59.0,0.1049,0.8,33.9,65.3
74500,82.7,60.0,0.1047,0.0,53.4,46.6
74600,180.6,69.0,0.1044,0.8,43.2,55.9
74700,32.8,55.0,0.1042,0.8,46.3,52.8
74800,99.2,66.0,0.1040,0.8,39.2,60.0
74900,143.9,67.0,0.1038,0.0,43.9,56.1
75000,62.4,68.0,0.1036,0.8,42.4,56.8
75100,114.8,57.0,0.1033,0.8,48.8,50.4
75200,151.7,68.0,0.1031,1.6,33.6,64.8
75300,305.2,67.0,0.1029,1.5,41.5,56.9
75400,165.4,62.0,0.1027,0.0,45.7,54.3
75500,37.0,61.0,0.1025,0.8,44.8,54.4
75600,149.4,58.0,0.1023,0.8,37.3,61.9
75700,-15.9,56.0,0.1021,0.0,46.6,53.4
75800,208.8,61.0,0.1018,0.0,47.9,52.1
75900,156.8,63.0,0.1016,1.6,42.7,55.6
76000,155.0,66.0,0.1014,0.0,45.2,54.8
76100,23.0,63.0,0.1012,0.9,47.3,51.8
76200,105.5,65.0,0.1010,0.8,36.6,62.6
76300,-10.0,51.0,0.1008,0.0,49.6,50.4
76400,234.8,64.0,0.1006,0.8,36.1,63.1
76500,190.2,64.0,0.1004,0.8,36.7,62.5
76600,76.0,66.0,0.1002,0.8,41.3,57.9
76700,72.8,59.0,0.1000,1.7,39.2,59.2
76800,105.2,58.0,0.0998,0.8,40.6,58.6
76900,89.3,55.0,0.0996,1.6,38.9,59.5
77000,50.5,62.0,0.0994,0.0,34.2,65.8
77100,23.9,63.0,0.0992,0.0,35.9,64.1
77200,191.9,59.0,0.0990,1.6,50.0,48.4
77300,189.4,66.0,0.0988,0.0,47.5,52.5
77400,108.5,64.0,0.0986,0.8,38.7,60.5
77500,94.0,57.0,0.0983,1.4,34.5,64.0
77600,111.0,70.0,0.0982,0.0,33.6,66.4
77700,142.6,66.0,0.0980,0.8,42.1,57.1
77800,83.8,60.0,0.0978,0.8,44.4,54.8
77900,231.1,67.0,0.0976,0.8,45.5,53.7
78000,201.6,66.0,0.0974,0.8,42.3,56.9
78100,11.3,55.0,0.0972,0.8,45.5,53.7
78200,172.2,71.0,0.0970,0.8,40.7,58.5
78300,165.4,67.0,0.0968,0.8,40.3,58.8
78400,36.5,61.0,0.0966,0.8,34.4,64.9
78500,194.2,71.0,0.0964,0.0,43.1,56.9
78600,10.3,60.0,0.0962,0.0,37.0,63.0
78700,37.1,57.0,0.0960,0.0,45.7,54.3
78800,119.3,56.0,0.0958,2.4,42.1,55.6
78900,206.2,64.0,0.0956,2.4,32.3,65.3
79000,101.0,67.0,0.0955,1.8,44.6,53.6
79100,21.1,64.0,0.0953,0.8,41.3,57.9
79200,186.9,63.0,0.0951,0.8,40.2,59.1
79300,137.7,63.0,0.0949,0.8,43.3,55.8
79400,183.7,74.0,0.0947,0.0,41.0,59.0
79500,15.1,59.0,0.0945,0.0,38.3,61.7
79600,177.8,55.0,0.0944,0.9,50.0,49.1
79700,-91.8,59.0,0.0942,0.8,43.3,55.9
79800,41.0,62.0,0.0940,0.0,45.7,54.3
79900,79.7,62.0,0.0938,0.8,38.2,61.0
80000,46.0,54.0,0.0937,0.0,46.7,53.3
80100,21.4,56.0,0.0935,0.0,50.0,50.0
80200,126.4,61.0,0.0933,0.8,42.0,57.3
80300,284.9,69.0,0.0931,0.8,39.0,60.2
80400,125.3,65.0,0.0929,1.6,38.4,60.0
80500,39.0,61.0,0.0928,0.0,45.1,54.9
80600,97.8,60.0,0.0926,1.6,41.8,56.6
80700,-37.2,52.0,0.0924,0.8,41.6,57.6
80800,77.1,59.0,0.0922,1.6,38.9,59.5
80900,225.0,67.0,0.0921,0.8,40.3,58.9
81000,153.5,65.0,0.0919,0.0,50.8,49.2
81100,-21.6,61.0,0.0917,0.0,54.1,45.9
81200,17.4,65.0,0.0916,2.5,36.1,61.5
81300,56.6,63.0,0.0914,0.8,34.6,64.7
81400,22.3,50.0,0.0912,1.6,48.8,49.6
81500,145.4,64.0,0.0911,0.0,47.5,52.5
81600,57.0,59.0,0.0909,0.0,51.3,48.7
81700,-31.9,53.0,0.0907,0.8,44.9,54.2
81800,72.2,62.0,0.0906,3.2,43.2,53.6
81900,207.3,64.0,0.0904,2.4,40.3,57.3
82000,102.8,61.0,0.0902,1.6,44.7,53.7
82100,239.9,71.0,0.0901,0.8,33.3,65.9
82200,74.8,59.0,0.0899,0.0,48.0,52.0
82300,278.8,65.0,0.0897,0.8,44.9,54.3
82400,111.0,61.0,0.0896,0.8,43.2,55.9
82500,214.5,65.0,0.0894,1.5,40.2,58.3
82600,-31.1,59.0,0.0892,0.0,42.7,57.3
82700,147.1,62.0,0.0891,1.7,50.0,48.3
82800,101.1,71.0,0.0889,0.9,47.3,51.8
82900,255.2,71.0,0.0888,0.0,47.5,52.5
83000,186.3,63.0,0.0886,0.0,46.3,53.7
83100,102.6,66.0,0.0885,0.0,34.4,65.6
83200,58.5,61.0,0.0883,0.0,40.2,59.8
83300,194.7,66.0,0.0882,0.8,41.0,58.2
83400,141.7,60.0,0.0880,1.6,45.2,53.2
83500,131.7,64.0,0.0878,0.0,32.8,67.2
83600,81.7,64.0,0.0877,0.8,37.3,61.9
83700,139.9,59.0,0.0875,0.0,46.6,53.4
83800,248.2,67.0,0.0874,0.8,38.9,60.3
83900,274.1,65.0,0.0872,0.8,37.2,62.0
84000,94.2,67.0,0.0871,0.0,40.3,59.7
84100,136.7,66.0,0.0869,0.8,36.4,62.8
84200,20.6,57.0,0.0868,0.8,34.1,65.2
84300,60.1,64.0,0.0866,0.0,36.9,63.1
84400,71.5,57.0,0.0864,0.0,39.4,60.6
84500,229.2,68.0,0.0863,0.0,39.5,60.5
84600,81.3,58.0,0.0861,3.1,31.8,65.1
84700,201.8,68.0,0.0860,0.8,39.1,60.2
84800,175.6,62.0,0.0858,1.6,35.2,63.3
84900,146.8,66.0,0.0857,0.8,33.8,65.4
85000,132.1,71.0,0.0855,0.0,50.9,49.1
85100,261.1,71.0,0.0854,0.0,46.5,53.5
85200,198.2,66.0,0.0852,0.8,38.2,61.0
85300,165.3,60.0,0.0851,0.8,46.2,52.9
85400,123.0,62.0,0.0849,1.5,38.6,59.8
85500,90.2,56.0,0.0848,1.8,50.0,48.2
85600,116.1,59.0,0.0847,0.8,44.5,54.6
85700,9.6,56.0,0.0845,0.9,49.1,50.0
85800,65.7,63.0,0.0844,0.0,42.4,57.6
85900,51.0,64.0,0.0843,2.6,41.2,56.1
86000,122.5,46.0,0.0841,0.0,52.1,47.9
86100,210.1,62.0,0.0840,3.1,40.2,56.7
86200,19.1,57.0,0.0839,1.6,38.2,60.2
86300,260.6,70.0,0.0837,1.6,39.2,59.2
86400,66.7,68.0,0.0836,0.0,36.1,63.9
86500,169.4,62.0,0.0835,0.0,52.6,47.4
86600,65.5,56.0,0.0833,0.8,38.0,61.2
86700,68.0,59.0,0.0832,0.8,46.2,52.9
86800,342.1,65.0,0.0830,1.7,41.3,57.0
86900,181.0,63.0,0.0829,1.6,40.5,57.9
87000,310.6,73.0,0.0828,0.0,42.1,57.9
87100,43.4,59.0,0.0826,0.0,37.2,62.8
87200,155.4,66.0,0.0825,0.0,41.3,58.7
87300,203.2,59.0,0.0824,0.0,40.6,59.4
87400,23.9,55.0,0.0822,1.6,38.4,60.0
87500,49.7,58.0,0.0821,0.0,48.8,51.2
87600,25.4,54.0,0.0820,0.0,40.9,59.1
87700,16.6,65.0,0.0818,0.0,40.0,60.0
87800,138.5,56.0,0.0817,0.0,44.5,55.5
87900,24.1,58.0,0.0816,0.0,49.1,50.9
88000,-29.6,59.0,0.0815,0.8,39.7,59.5
88100,142.9,63.0,0.0813,0.9,46.9,52.2
88200,120.8,58.0,0.0812,0.0,34.4,65.6
88300,89.5,65.0,0.0811,0.0,40.3,59.7
88400,111.2,61.0,0.0810,0.8,46.7,52.5
88500,197.2,75.0,0.0808,0.8,36.3,62.9
88600,130.3,60.0,0.0807,0.0,42.7,57.3
88700,189.5,66.0,0.0806,0.8,38.7,60.5
88800,113.5,68.0,0.0804,0.0,31.1,68.9
88900,51.9,58.0,0.0803,0.8,32.5,66.7
89000,41.1,65.0,0.0802,0.0,39.7,60.3
89100,73.5,65.0,0.0801,0.0,38.5,61.5
89200,202.4,70.0,0.0800,1.7,37.0,61.3
89300,-19.9,57.0,0.0798,0.0,45.8,54.2
89400,148.5,60.0,0.0797,0.8,46.2,52.9
89500,231.4,61.0,0.0796,2.4,36.3,61.3
89600,227.2,62.0,0.0795,2.3,38.2,59.5
89700,50.0,64.0,0.0794,0.0,34.7,65.3
89800,155.4,66.0,0.0792,1.7,44.2,54.2
89900,45.1,63.0,0.0791,0.8,41.7,57.5
90000,148.1,61.0,0.0790,0.8,41.3,57.9
90100,286.6,74.0,0.0789,0.0,37.1,62.9
90200,89.7,60.0,0.0788,1.8,47.3,50.9
90300,231.2,68.0,0.0787,0.8,42.7,56.5
90400,-20.0,57.0,0.0785,1.7,35.3,63.0
90500,211.4,61.0,0.0784,0.0,47.9,52.1
90600,100.7,69.0,0.0783,0.0,37.1,62.9
90700,89.8,54.0,0.0782,0.0,37.6,62.4
90800,200.2,69.0,0.0781,0.8,40.5,58.7
90900,72.7,58.0,0.0780,0.8,41.8,57.4
91000,4.6,52.0,0.0779,0.9,42.7,56.4
91100,26.6,58.0,0.0777,1.6,31.0,67.4
91200,83.7,61.0,0.0776,0.0,42.1,57.9
91300,8.8,58.0,0.0775,0.0,39.7,60.3
91400,108.0,62.0,0.0774,3.4,41.0,55.6
91500,186.8,63.0,0.0773,0.8,41.0,58.2
91600,-12.8,56.0,0.0772,0.9,48.2,50.9
91700,213.8,68.0,0.0771,0.9,43.1,56.0
91800,50.6,56.0,0.0770,1.7,37.8,60.5
91900,191.8,65.0,0.0769,0.0,42.1,57.9
92000,144.3,63.0,0.0768,0.0,44.6,55.4
92100,-56.5,59.0,0.0767,1.7,42.4,55.9
92200,147.5,62.0,0.0765,1.5,37.0,61.5
92300,40.9,59.0,0.0764,0.8,41.3,57.9
92400,-58.0,58.0,0.0763,0.0,44.6,55.4
92500,-88.7,57.0,0.0762,0.8,44.6,54.5
92600,186.2,68.0,0.0761,0.7,34.1,65.2
92700,87.5,65.0,0.0760,1.5,37.8,60.7
92800,181.1,62.0,0.0759,2.3,27.1,70.7
92900,86.6,57.0,0.0757,0.0,38.4,61.6
93000,-15.8,56.0,0.0756,0.8,39.8,59.3
93100,160.3,65.0,0.0755,0.0,33.8,66.2
93200,190.4,69.0,0.0754,0.8,37.4,61.8
93300,221.6,69.0,0.0753,1.6,36.9,61.5
93400,264.0,70.0,0.0752,0.0,37.8,62.2
93500,172.1,65.0,0.0751,0.0,35.8,64.2
93600,197.3,58.0,0.0750,0.0,38.1,61.9
93700,57.5,64.0,0.0749,0.0,43.6,56.4
93800,254.7,69.0,0.0748,0.0,40.3,59.7
93900,371.3,69.0,0.0747,0.0,45.4,54.6
94000,217.2,61.0,0.0746,0.9,44.7,54.4
94100,176.9,66.0,0.0745,0.0,37.6,62.4
94200,80.2,67.0,0.0744,1.6,34.4,64.1
94300,170.7,64.0,0.0743,0.8,38.8,60.3
94400,8.2,57.0,0.0742,0.0,42.3,57.7
94500,13.1,56.0,0.0741,0.9,51.3,47.9
94600,216.6,66.0,0.0740,0.8,43.1,56.1
94700,165.0,65.0,0.0739,0.8,38.3,60.9
94800,128.3,63.0,0.0738,0.0,45.5,54.5
94900,120.8,62.0,0.0737,0.8,46.3,52.9
95000,223.0,67.0,0.0736,1.6,38.9,59.5
95100,94.6,61.0,0.0735,0.8,40.0,59.2
95200,182.0,60.0,0.0734,0.8,41.7,57.5
95300,53.5,56.0,0.0733,2.3,34.1,63.6
95400,168.3,66.0,0.0732,0.8,49.6,49.6
95500,133.1,67.0,0.0731,1.6,35.0,63.4
95600,47.6,69.0,0.0730,0.0,40.2,59.8
95700,14.8,55.0,0.0730,0.8,39.7,59.5
95800,83.4,63.0,0.0729,0.8,50.0,49.2
95900,128.4,61.0,0.0728,1.5,36.8,61.8
96000,156.3,70.0,0.0727,0.8,40.0,59.2
96100,184.7,66.0,0.0726,0.8,42.2,57.0
96200,54.2,63.0,0.0725,0.8,43.3,55.9
96300,124.2,70.0,0.0724,1.7,39.5,58.8
96400,-28.9,51.0,0.0723,1.7,47.9,50.4
96500,90.5,59.0,0.0722,0.8,39.7,59.5
96600,-15.3,61.0,0.0721,0.8,38.5,60.7
96700,106.0,62.0,0.0720,1.7,41.0,57.3
96800,220.4,61.0,0.0719,0.8,38.7,60.5
96900,85.8,61.0,0.0718,0.8,45.5,53.7
97000,205.1,60.0,0.0718,1.6,39.8,58.6
97100,50.8,59.0,0.0717,0.0,46.4,53.6
97200,63.2,59.0,0.0716,0.0,35.3,64.7
97300,-3.1,58.0,0.0715,0.0,47.9,52.1
97400,-130.0,60.0,0.0714,0.8,40.0,59.2
97500,96.8,65.0,0.0713,0.0,37.3,62.7
97600,27.6,62.0,0.0712,0.0,33.1,66.9
97700,262.9,71.0,0.0711,0.0,36.9,63.1
97800,134.9,69.0,0.0710,0.0,37.5,62.5
97900,-21.4,62.0,0.0710,0.8,35.0,64.2
98000,42.6,57.0,0.0709,0.9,50.9,48.3
98100,-8.8,62.0,0.0708,0.0,34.7,65.3
98200,89.8,53.0,0.0707,0.8,39.2,60.0
98300,108.7,61.0,0.0706,2.5,40.8,56.7
98400,246.6,65.0,0.0705,0.7,29.7,69.6
98500,129.2,63.0,0.0704,0.0,39.8,60.2
98600,236.6,70.0,0.0704,0.0,30.5,69.5
98700,161.2,63.0,0.0703,1.6,36.8,61.6
98800,176.3,65.0,0.0702,0.0,33.3,66.7
98900,182.7,68.0,0.0701,0.7,38.8,60.4
99000,36.2,59.0,0.0700,2.5,49.6,47.9
99100,70.8,54.0,0.0699,0.8,46.6,52.5
99200,13.8,66.0,0.0699,0.0,32.5,67.5
99300,25.2,62.0,0.0698,1.6,30.2,68.3
99400,90.3,60.0,0.0697,0.0,44.9,55.1
99500,44.4,60.0,0.0696,0.7,27.1,72.1
99600,107.2,65.0,0.0695,0.0,33.6,66.4
99700,265.4,68.0,0.0694,0.0,32.4,67.6
99800,7.3,66.0,0.0694,2.6,37.1,60.3
99900,231.7,68.0,0.0693,0.0,36.9,63.1
100000,98.2,64.0,0.0692,0.9,43.1,56.0
100100,-43.7,52.0,0.0691,0.8,44.5,54.6
100200,-87.8,53.0,0.0691,0.0,37.8,62.2
100300,117.1,64.0,0.0690,0.0,42.3,57.7
100400,197.0,67.0,0.0689,1.6,40.7,57.7
100500,82.2,66.0,0.0688,0.0,38.0,62.0
100600,173.2,60.0,0.0688,0.8,36.7,62.5
100700,134.6,67.0,0.0687,0.0,37.5,62.5
100800,188.4,69.0,0.0686,0.8,40.5,58.7
100900,6.4,59.0,0.0685,0.8,37.6,61.6
101000,23.0,49.0,0.0685,1.7,53.4,44.9
101100,38.2,56.0,0.0684,0.8,42.9,56.3
101200,147.1,70.0,0.0683,0.8,40.8,58.3
101300,155.3,66.0,0.0682,0.9,43.0,56.1
101400,181.7,72.0,0.0682,0.0,36.6,63.4
101500,34.3,57.0,0.0681,1.6,32.0,66.4
101600,203.7,61.0,0.0680,0.0,37.1,62.9
101700,51.5,67.0,0.0679,1.6,38.2,60.2
101800,123.2,62.0,0.0679,1.7,43.7,54.6
101900,105.5,65.0,0.0678,1.6,39.5,58.9
102000,138.4,59.0,0.0677,0.0,40.7,59.3
102100,180.2,69.0,0.0677,0.0,45.5,54.5
102200,193.7,71.0,0.0676,2.5,36.4,61.2
102300,184.6,67.0,0.0675,0.8,32.2,66.9
102400,-44.0,58.0,0.0675,0.0,37.9,62.1
102500,86.6,67.0,0.0674,0.8,39.0,60.2
102600,196.4,65.0,0.0673,0.0,40.7,59.3
102700,303.4,70.0,0.0672,0.0,39.3,60.7
102800,-5.8,64.0,0.0672,0.8,39.3,59.8
102900,232.3,64.0,0.0671,0.0,42.7,57.3
103000,203.3,61.0,0.0670,0.0,31.6,68.4
103100,69.9,59.0,0.0670,0.8,38.5,60.7
103200,40.1,60.0,0.0669,0.0,41.2,58.8
103300,29.9,65.0,0.0668,1.7,42.6,55.7
103400,115.8,58.0,0.0668,0.8,35.2,64.1
103500,163.1,60.0,0.0667,0.8,35.7,63.5
103600,32.1,67.0,0.0666,0.8,35.7,63.5
103700,11.2,61.0,0.0665,0.8,38.3,60.9
103800,113.2,57.0,0.0665,0.0,37.2,62.8
103900,65.0,59.0,0.0664,0.0,42.1,57.9
104000,60.5,62.0,0.0663,0.9,40.2,59.0
104100,158.9,59.0,0.0663,0.8,48.3,50.8
104200,184.0,64.0,0.0662,0.8,46.6,52.5
104300,150.6,70.0,0.0661,1.6,33.6,64.8
104400,233.2,65.0,0.0661,0.0,41.3,58.7
104500,94.0,62.0,0.0660,1.7,44.5,53.8
104600,55.0,64.0,0.0659,0.0,43.1,56.9
104700,122.5,67.0,0.0659,0.0,32.8,67.2
104800,89.1,63.0,0.0658,0.8,31.7,67.5
104900,127.8,68.0,0.0657,0.8,36.0,63.2
105000,87.4,66.0,0.0657,0.7,38.1,61.2
105100,172.3,65.0,0.0656,0.0,30.2,69.8
105200,29.8,62.0,0.0655,0.8,36.0,63.2
105300,227.7,68.0,0.0655,0.8,36.6,62.6
105400,7.0,68.0,0.0654,0.8,43.3,55.8
105500,74.9,63.0,0.0654,2.5,37.2,60.3
105600,107.0,63.0,0.0653,0.0,35.0,65.0
105700,127.8,59.0,0.0652,0.0,40.8,59.2
105800,33.2,69.0,0.0652,1.7,38.7,59.7
105900,199.6,69.0,0.0651,0.0,45.0,55.0
106000,-76.5,60.0,0.0651,0.0,36.0,64.0
106100,-21.9,60.0,0.0650,1.6,40.3,58.1
106200,66.7,61.0,0.0649,1.5,33.8,64.6
106300,-114.0,58.0,0.0649,0.0,35.8,64.2
106400,221.4,63.0,0.0648,0.0,33.1,66.9
106500,138.2,59.0,0.0647,0.8,30.1,69.2
106600,86.8,60.0,0.0647,0.8,35.7,63.6
106700,220.4,64.0,0.0646,0.8,32.3,66.9
106800,48.6,62.0,0.0646,0.0,47.8,52.2
106900,97.5,66.0,0.0645,0.0,31.7,68.3
107000,182.4,67.0,0.0644,0.0,32.8,67.2
107100,96.5,70.0,0.0644,0.8,41.9,57.4
107200,28.8,66.0,0.0643,0.9,39.3,59.8
107300,194.9,64.0,0.0643,0.0,43.0,57.0
107400,115.6,63.0,0.0642,0.8,38.6,60.6
107500,29.0,56.0,0.0641,1.4,27.1,71.4
107600,146.2,57.0,0.0641,1.6,39.2,59.2
107700,214.8,63.0,0.0640,0.8,40.9,58.3
107800,14.1,56.0,0.0640,2.3,42.6,55.0
107900,234.4,66.0,0.0639,0.8,34.6,64.6
108000,118.6,65.0,0.0638,0.8,31.8,67.4
108100,96.6,60.0,0.0638,2.3,34.4,63.3
108200,-8.5,65.0,0.0637,0.0,44.4,55.6
108300,-115.5,55.0,0.0637,0.8,32.6,66.7
108400,229.1,65.0,0.0636,0.8,32.0,67.2
108500,153.2,63.0,0.0636,0.0,42.5,57.5
108600,247.1,65.0,0.0635,0.7,30.7,68.6
108700,52.6,58.0,0.0634,2.7,48.6,48.6
108800,7.8,63.0,0.0634,0.0,34.4,65.6
108900,15.2,59.0,0.0633,0.0,34.1,65.9
109000,73.7,51.0,0.0633,2.4,35.4,62.2
109100,-52.2,54.0,0.0632,0.8,46.0,53.2
109200,295.7,66.0,0.0632,0.8,37.1,62.1
109300,8.0,57.0,0.0631,1.6,36.4,62.0
109400,105.8,65.0,0.0630,1.6,39.1,59.4
109500,229.7,62.0,0.0630,0.7,39.6,59.7
109600,-76.4,56.0,0.0629,0.0,36.4,63.6
109700,219.8,65.0,0.0629,0.8,42.6,56.6
109800,316.1,65.0,0.0628,1.6,35.7,62.7
109900,160.1,61.0,0.0628,0.0,41.5,58.5
110000,81.5,65.0,0.0627,0.0,47.4,52.6
110100,174.0,63.0,0.0627,0.0,36.0,64.0
110200,256.4,64.0,0.0626,0.0,37.0,63.0
110300,-43.4,53.0,0.0626,0.8,41.9,57.3
110400,5.5,56.0,0.0625,1.5,28.5,70.1
110500,127.7,71.0,0.0625,0.0,30.9,69.1
110600,173.8,63.0,0.0624,0.8,39.1,60.2
110700,-8.4,56.0,0.0624,0.8,43.2,55.9
110800,145.0,57.0,0.0623,0.0,43.1,56.9
110900,-56.5,54.0,0.0622,1.5,30.3,68.2
111000,-44.3,55.0,0.0622,0.0,38.7,61.3
111100,155.7,67.0,0.0622,0.0,50.0,50.0
111200,-50.9,56.0,0.0621,0.0,41.1,58.9
111300,-36.6,61.0,0.0620,1.6,42.6,55.8
111400,90.2,55.0,0.0620,0.0,39.8,60.2
111500,191.4,72.0,0.0620,0.0,26.2,73.8
111600,112.3,64.0,0.0619,0.8,35.7,63.5
111700,53.4,59.0,0.0619,0.8,42.6,56.6
111800,95.2,64.0,0.0618,0.9,37.9,61.2
111900,6.9,59.0,0.0618,0.8,37.9,61.3
112000,269.9,66.0,0.0617,0.0,34.7,65.3
112100,338.0,66.0,0.0617,0.7,29.9,69.4
112200,116.3,58.0,0.0616,0.0,35.6,64.4
112300,68.3,63.0,0.0616,0.8,38.0,61.2
112400,174.2,66.0,0.0615,2.3,41.1,56.6
112500,73.2,61.0,0.0615,1.6,33.3,65.1
112600,92.3,55.0,0.0614,0.8,26.5,72.7
112700,-8.4,62.0,0.0614,0.8,33.9,65.3
112800,249.7,67.0,0.0613,0.8,36.8,62.4
112900,-43.5,60.0,0.0613,0.0,43.3,56.7
113000,87.4,60.0,0.0612,0.7,32.1,67.2
113100,194.8,63.0,0.0612,0.8,39.1,60.2
113200,152.8,65.0,0.0611,0.0,36.0,64.0
113300,142.8,66.0,0.0611,0.8,40.3,58.9
113400,66.2,62.0,0.0610,0.8,36.7,62.5
113500,55.5,70.0,0.0610,1.6,34.4,64.1
113600,143.7,67.0,0.0609,0.8,34.6,64.6
113700,167.4,66.0,0.0609,0.8,33.9,65.3
113800,23.1,61.0,0.0608,0.8,39.0,60.2
113900,34.5,58.0,0.0608,0.8,36.8,62.4
114000,91.4,68.0,0.0608,0.8,33.6,65.6
114100,166.4,61.0,0.0607,1.6,40.3,58.1
114200,219.7,67.0,0.0607,0.0,36.7,63.3
114300,258.8,70.0,0.0606,0.0,35.7,64.3
114400,108.3,64.0,0.0606,0.8,35.2,64.1
114500,90.8,65.0,0.0605,0.8,34.6,64.6
114600,116.1,66.0,0.0605,0.8,30.2,69.0
114700,33.8,64.0,0.0604,1.5,26.3,72.2
114800,63.0,62.0,0.0604,2.5,40.3,57.1
114900,83.1,60.0,0.0604,0.0,29.6,70.4
115000,137.8,71.0,0.0603,0.0,32.3,67.7
115100,244.7,62.0,0.0603,0.8,33.3,65.9
115200,32.3,66.0,0.0602,0.0,41.8,58.2
115300,160.4,66.0,0.0602,0.8,37.8,61.4
115400,25.1,62.0,0.0601,0.0,35.9,64.1
115500,90.5,62.0,0.0601,0.8,40.2,59.1
115600,36.5,62.0,0.0601,0.0,34.1,65.9
115700,122.5,62.0,0.0600,2.6,35.0,62.4
115800,239.1,66.0,0.0600,1.6,40.9,57.5
115900,197.1,63.0,0.0599,1.5,33.1,65.4
116000,234.6,68.0,0.0599,0.8,32.3,66.9
116100,426.9,76.0,0.0598,0.8,27.8,71.4
116200,217.8,65.0,0.0598,0.0,33.9,66.1
116300,58.0,56.0,0.0598,1.7,42.7,55.6
116400,168.1,70.0,0.0597,0.0,27.3,72.7
116500,43.0,61.0,0.0597,3.2,37.9,58.9
116600,178.3,68.0,0.0596,0.0,37.0,63.0
116700,143.1,67.0,0.0596,0.0,37.9,62.1
116800,274.4,76.0,0.0596,0.0,30.2,69.8
116900,-43.5,61.0,0.0595,0.0,35.3,64.7
117000,-38.6,58.0,0.0595,0.8,37.7,61.5
117100,185.9,66.0,0.0594,0.0,40.6,59.4
117200,68.9,59.0,0.0594,1.5,30.0,68.5
117300,269.2,68.0,0.0594,0.0,29.8,70.2
